,A,B,C,D
2000-01-01,-0.11051490845060827,-0.30248233298668087,0.5818076979120771,-0.6141976569849132
2000-01-02,0.12575385766048214,-0.7935387117432388,0.1894305606809027,-0.8291205949706911
2000-01-03,-1.2037004522523664,-2.9893007120676116,1.678156244133497,-1.1199790025837677
2000-01-04,0.5657467111251209,-4.374180676401428,2.359599422331227,-2.425242402947247
2000-01-05,-0.34223069317481425,-4.405964525008426,1.9807446526578403,-2.673177662167051
2000-01-06,-1.7215200625968816,-4.227582738420685,2.7017336493998636,-2.184130767615175
2000-01-07,-2.936351167523785,-2.77459966493299,4.119256598461583,-2.909163151507239
2000-01-08,-4.162990796883768,-1.3045930439356959,3.179415635184415,-1.787192284503966
2000-01-09,-4.255818214220269,-1.2323220885266866,4.122800645878694,-2.6747328810471873
2000-01-10,-4.362175523169353,0.512364222990711,6.168502889300347,-4.0316566282175454
2000-01-11,-4.849517271549685,0.8591810557378441,7.57453160419023,-4.394726793892082
2000-01-12,-4.4876383768839,1.2042098394755418,7.666632579733438,-3.130735341432125
2000-01-13,-3.625596739259787,0.8836251806203715,8.419886628569568,-3.776405013735706
2000-01-14,-1.7285251225597797,0.4646370767589364,7.543311577056622,-6.329419497841631
2000-01-15,-1.435465045761527,0.6638960630491606,7.817062793910121,-4.994902215237742
2000-01-16,-1.2059206057541068,0.46029191715592893,7.043793318797015,-3.764102867876842
2000-01-17,-1.7266836267377603,0.3946827746349516,5.890663429796691,-3.9151361079188067
2000-01-18,-1.547444547761573,1.4219453306353054,4.443166953050836,-5.390753743625346
2000-01-19,-1.4361360007846398,1.5220084179922313,3.7176581328324385,-3.7255382289309784
2000-01-20,-1.3159644347041193,1.1853322697513349,3.550234809661919,-1.4879438774208458
2000-01-21,-1.8116992305035833,0.8179181502954419,2.720147070801065,0.5496072519697122
2000-01-22,-2.7700770363179172,0.31797463733240766,2.871677210272169,-1.4202374433277039
2000-01-23,-0.8091598482716522,-0.4414721573450608,2.215133153282564,-0.6302264078195184
2000-01-24,-0.030412148302337072,-2.1014972629953133,1.0944330820009687,1.1287435435411943
2000-01-25,-0.3387190680562609,-0.7363299985975889,0.09729722322143908,0.9924737505960156
2000-01-26,0.3681039873779742,-1.3770157915352992,0.8428063143416683,2.126666198822251
2000-01-27,0.5412068967623325,-0.986536055243573,1.8007045443980823,0.053868623866656584
2000-01-28,0.3288670678121056,-0.6139992938770467,3.1199929719282133,0.6926566382873779
2000-01-29,1.1111227853500178,-1.6312853964393665,3.9769849773799146,0.7877791260638746
2000-01-30,1.4072274838422691,-2.018956360508632,3.457042309132799,0.33482790397205353
2000-01-31,2.7939666367446,-1.3071619831419317,3.6593274865339023,-1.0147234975516581
2000-02-01,2.6888718039792323,-2.7070548772253886,1.9288636634233067,-1.6380269789608857
2000-02-02,1.8624870882598255,-1.1534470231601859,2.0197687831503095,-1.667734531280769
2000-02-03,1.6509744958590626,0.049767836739775584,3.536372201798309,-0.6981670781508353
2000-02-04,3.5121413420934564,0.8426751535263317,2.1261839195442853,-0.8704123295337632
2000-02-05,4.2352389745311285,0.687810723856314,0.898227054625917,0.30026068695479047
2000-02-06,4.715326405357582,0.7107393639503247,0.35069209541221424,0.786003779722392
2000-02-07,4.881007740349837,0.23814714870444104,0.95055198863104,1.7998279000890571
2000-02-08,4.348273932316308,0.12318431904971483,0.05872264282614725,0.4988645909753595
2000-02-09,2.424874223155295,0.7599054843531522,1.1742558511287942,-0.9500110879451806
2000-02-10,2.138190589853472,-0.36372498126273023,2.4778217440704293,0.7874141652741657
2000-02-11,2.3150068541308744,-0.2749710790968717,3.2067615679737242,1.9329245026371131
2000-02-12,1.6918563311075543,-0.5660178287258724,3.688147045075364,2.9182916831770584
2000-02-13,2.233466073856218,-1.0081746442040647,3.2236904393884602,3.206660201689124
2000-02-14,2.6446234763615424,-2.0525002817978546,3.009882310028538,3.977995035832491
2000-02-15,4.537071984945074,0.2918801976424157,3.354187825426724,3.5684266064299677
2000-02-16,5.956176918064884,1.0949080593464067,2.1341293077927803,1.8703081188118085
2000-02-17,4.859138634616708,0.7006878053012879,4.04891080427848,1.7506245260469748
2000-02-18,4.853602296022028,2.417683330111246,3.8848921227275284,0.2843896559910508
2000-02-19,5.797614114791911,3.209958225643212,3.7247542063173387,1.4569818065817153
2000-02-20,5.355470201994623,4.352761681029347,2.952257028581889,1.2169805533347013
2000-02-21,4.792082416175447,2.505149555710183,2.1468570119146517,0.9880301799894207
2000-02-22,5.424923276908797,0.7970191439454231,2.966367128956516,1.2617517639268625
2000-02-23,6.631061852362816,0.07802585680804064,2.6478901459978283,0.2423761028743905
2000-02-24,8.193290196783591,-0.9663372448770481,3.361736997304461,-0.19141377997051612
2000-02-25,8.314565863557252,-1.0724924514555516,1.883244476662908,0.8095468366482074
2000-02-26,7.619554253308807,0.315178543293007,2.1080613111651845,0.9075458085996612
2000-02-27,6.719485912756822,0.9779724155044566,0.585244684090416,2.2719328444485094
2000-02-28,5.792627312714212,1.9792492804645727,2.3805863135362513,0.2901774737199776
2000-02-29,3.99311916674999,3.8429742006810095,3.0685835168849467,1.0557079319861447
2000-03-01,5.243927557297193,4.060060860010196,3.775741681657386,0.5831401118802002
2000-03-02,5.8948331339621,3.151517591460018,5.039104891887172,3.6707825195991237
2000-03-03,5.631876554142834,0.9771621877476058,4.59194994381876,5.331411458508391
2000-03-04,6.447768097372377,0.9228102217982997,5.437656933552823,4.989131771274325
2000-03-05,7.799458400160522,2.1731100933989973,5.714090305669134,4.268794712710503
2000-03-06,6.688768213031371,2.305868400821013,5.67800674758995,4.81798435515759
2000-03-07,8.261223703757379,2.591719892369314,6.478704232494336,6.4981256044491555
2000-03-08,7.369925602106505,3.2142989527639045,8.212214464906175,6.8701002051209015
2000-03-09,6.487728923823496,3.753924432761594,7.7170049940244345,9.094225905460478
2000-03-10,8.718054455962921,4.523556442318416,7.4763593938251685,9.38291388405429
2000-03-11,9.873854027932824,5.130926430755808,9.008667880529307,9.190934098270702
2000-03-12,10.157433126572357,4.44207925379309,8.763695659186332,8.980338802525251
2000-03-13,10.63869415097944,3.8311615648952273,8.354898560098079,8.91786173628407
2000-03-14,12.570082080932215,5.1208919759224365,6.500180463344457,9.328254790042443
2000-03-15,11.12800595438867,5.646134785534934,5.542799285736029,9.310064527886414
2000-03-16,10.380883205748193,5.155271048228033,5.918896914146862,9.639177330353617
2000-03-17,9.196483896424795,4.357243089070227,7.191206628651487,9.631355279325371
2000-03-18,11.064656817092537,5.229057856057727,5.306508053581295,8.204566389623908
2000-03-19,8.342836716788238,3.8944320823089393,4.995464510538993,8.204943649698496
2000-03-20,9.113655928755161,5.634167479569743,4.596804203119386,7.4002338255450795
2000-03-21,9.564741456778036,4.546530847841081,4.287270423683123,6.399883985295435
2000-03-22,10.06385875916462,6.525997357098276,3.398530585066602,6.988692552557975
2000-03-23,11.334994219064614,6.17762539983445,3.54181705807179,8.080463020948578
2000-03-24,13.377110608826754,6.4693274219657475,4.53342716040561,7.799766332375344
2000-03-25,13.56139052304688,6.879295903042907,4.3460980497954305,7.311582397374964
2000-03-26,11.902978270824542,6.692462777240157,6.067360174068298,8.249034008950877
2000-03-27,10.754140938617109,5.914621006176686,7.28180624204521,7.750042390102727
2000-03-28,10.099342809443527,4.693702374122372,8.339720388075444,7.60738327364738
2000-03-29,10.006064359801533,3.8456612223451248,9.201030352821855,6.97152143104511
2000-03-30,10.114558577847092,6.006661611912479,9.620321571471884,6.780060055609567
2000-03-31,9.741003759167416,6.090794331125067,8.859335979526033,6.233159513633494
2000-04-01,9.679854361024322,5.446519267371002,7.875583393436305,4.749131437408332
2000-04-02,9.330224643631494,5.855983130886977,5.621477845637867,5.157988963324476
2000-04-03,10.526821263176085,6.817393533663907,6.391542856574054,3.505369617719092
2000-04-04,9.85849525338323,6.957040881697348,5.52860960168794,3.4729998312378085
2000-04-05,8.467677530842764,6.468570915929785,4.495487949749435,4.259492160300551
2000-04-06,8.031261988938773,6.78819535628679,4.929631510180217,3.55931130423904
2000-04-07,8.487973510244863,5.645010844376347,5.652866285216624,4.262174204348431
2000-04-08,10.307102301865761,5.921219997736732,4.241772550206304,3.5659360709723624
2000-04-09,9.150987392370219,5.013152669312902,4.519152563208555,2.2071751212413933
2000-04-10,9.897464903886341,3.947057783114171,6.206773607584643,3.6772635340369595
2000-04-11,8.41347585749648,5.401885397142523,6.323554617528878,5.878737644540161
2000-04-12,7.359534951959876,4.703920411414811,7.33180200830854,5.0742992228166175
2000-04-13,7.723088328540817,5.3090221330294005,9.464390721769012,5.2571063714610835
2000-04-14,6.655399314362167,6.120417317359184,9.965263234593309,3.24160271214815
2000-04-15,5.390530228658957,4.50574726660456,11.424397414565338,2.0749444204793983
2000-04-16,5.577751576643842,5.165832209895438,10.779355253818375,1.0731722079100972
2000-04-17,6.7837474250231935,4.776691678601328,10.64678700301115,-0.07518385014777551
2000-04-18,7.260007506600912,5.143972795257526,10.34002174712442,-1.435453029416046
2000-04-19,5.9682457589991404,5.527851765614943,10.05977929301225,-3.05460705830618
2000-04-20,5.2492069591713815,4.287517486456003,12.117653118502128,-3.706724602695793
2000-04-21,5.439318182852118,4.581869132921704,11.919689743624462,-3.8460101425217736
2000-04-22,4.576141660420651,2.7491625739891568,11.7080870757656,-5.371747807317366
2000-04-23,4.0434400965490225,2.3036259694598202,12.486947287479381,-6.5456534211275965
2000-04-24,3.3799092674262448,1.7692087569107522,11.986411381714973,-5.74757946198106
2000-04-25,1.7165985075108652,1.0206316925602437,12.47830146887398,-3.918583578288734
2000-04-26,1.5977124472873898,0.8508864223410828,13.01429651019824,-3.9130329942534674
2000-04-27,0.25094087031977774,2.5883837900248814,13.560639030131599,-4.368821863814075
2000-04-28,-0.11717957521344985,3.3411985472411727,14.47982311017282,-4.692765934024157
2000-04-29,-0.4605002995913288,3.03604998079562,14.444312661894385,-2.7230085420932406
2000-04-30,-2.6578459779073236,2.2891743577326498,13.04199881627952,-2.726064475511965
2000-05-01,-0.5662481143823985,1.7944778505228007,12.484434482320145,-3.7519344576235882
2000-05-02,0.8262371017836128,2.293602729053342,11.818940861874053,-4.6636864856661475
2000-05-03,1.454784219800624,1.9556882310868116,11.450178501890132,-5.5284188103234415
2000-05-04,0.1738153024089657,2.5189262074532652,12.526413948217773,-6.053999515420412
2000-05-05,-0.020572832707585476,3.2723870975768685,10.754573396047991,-6.967683240001525
2000-05-06,-2.0150019388941782,2.7238894057052243,9.20741456510068,-4.659605573496162
2000-05-07,-2.496919102654995,3.1555709542207104,10.484386819482912,-5.89911395382528
2000-05-08,-3.9719064873168444,2.51934133627212,10.469638898097543,-6.03747317560917
2000-05-09,-4.6854128460061215,2.4280618112510384,10.233303667942337,-7.179580334136528
2000-05-10,-4.085408720464645,1.337245190314797,10.203746168459675,-7.047941097465603
2000-05-11,-5.182592033237251,2.282708865575491,10.48721015992041,-5.292608423540257
2000-05-12,-6.37721167572722,0.9548758153000432,10.827091843054516,-5.841871463806162
2000-05-13,-7.244618276193087,1.6002986186134573,11.229910711990485,-7.806357336762453
2000-05-14,-7.219168790941438,1.2459851488790565,11.734102479424461,-8.097307594944118
2000-05-15,-7.023262891928719,0.5180929357087029,10.485800458733667,-8.414152872962887
2000-05-16,-5.365862063372647,1.0338936627728121,9.974825321459594,-7.452231316360623
2000-05-17,-5.672307957123551,-0.39489878091711805,10.948254806131644,-8.311702164063929
2000-05-18,-6.553327729767716,0.5896499332913704,11.59884718654669,-7.895099351932399
2000-05-19,-5.246696550209725,0.9089289843034032,12.640301619210007,-7.87080150447472
2000-05-20,-5.703414813308318,-0.9532782141316491,14.626592314032697,-7.360437496474219
2000-05-21,-6.052119112003761,-0.30023984898833056,16.48006140503265,-6.6706550812870224
2000-05-22,-6.7251289211530905,-0.5333127341401676,16.20597351241821,-6.652118553352276
2000-05-23,-6.928974895361058,0.5738274402331462,16.46157284929464,-7.706943725936847
2000-05-24,-8.146682134983383,-0.5286731802336038,16.65551866200319,-8.406763621642616
2000-05-25,-8.893201852274633,-0.8146415233401605,15.010474561451124,-9.812515916558871
2000-05-26,-9.024994088594093,-1.3313999819693985,16.546111564577416,-10.888410000888094
2000-05-27,-11.121062883292124,-1.8831240487283827,17.515221047344102,-11.208176081487597
2000-05-28,-12.528903856405089,-1.5665690408801352,16.571531861028696,-10.974764299414383
2000-05-29,-12.913255602546739,-0.16982371029141619,15.503920850634005,-9.609839237691745
2000-05-30,-11.778610492302725,0.3501689023231094,15.763660539370592,-8.818900181400585
2000-05-31,-11.359475028034826,-0.7457978863186645,15.746724234729665,-10.217958970213722
2000-06-01,-12.776234369739768,-0.07135443220945725,15.281158919331519,-10.382355257392295
2000-06-02,-14.320054735183058,-1.1648867171101436,16.330555267289203,-10.207655916255346
2000-06-03,-14.219951882423118,-2.133259199698908,15.264595332723628,-9.145537056807896
2000-06-04,-15.273825121523185,-2.2445604790678306,16.04236184139016,-8.354155005971547
2000-06-05,-15.647846253185456,-1.5553238420634652,16.38512036806044,-8.423754926590572
2000-06-06,-14.655311731441122,-0.03748795896144275,15.235678597027354,-8.599082027416493
2000-06-07,-14.887096218159463,2.156614157145852,16.52469911248864,-9.80625339261456
2000-06-08,-13.695772292032727,1.9647817833936123,15.995343164269213,-10.892442226711538
2000-06-09,-11.786860988909199,2.097183081103376,16.38306200551179,-10.4350024212501
2000-06-10,-11.67770443301987,3.1190805109794084,16.557104444608044,-8.337479218205242
2000-06-11,-13.86597994725297,3.64619452375047,16.835303756713603,-9.41294258734401
2000-06-12,-13.53805563022184,3.5850036501870957,17.011272647820753,-7.684672008703897
2000-06-13,-13.408757256801467,3.9999268062433178,17.815310432983658,-8.903437733945319
2000-06-14,-12.49235481678568,4.6593235995453295,18.410250603800765,-8.200949449398191
2000-06-15,-11.174467934395517,4.7926169947057735,17.650569367146094,-8.966277131637927
2000-06-16,-12.385387592644758,4.469943698070692,19.806213851929108,-9.189331271812906
2000-06-17,-13.829865903698797,4.637413805940095,18.68654117891566,-9.759243747796518
2000-06-18,-14.771355588968262,4.60744091252551,17.904452941692284,-9.377974156110618
2000-06-19,-14.309258268906952,5.848003173341443,19.498947249041642,-9.794875587946251
2000-06-20,-15.33980430886434,4.841891535971169,19.331012300200182,-11.107045687487188
2000-06-21,-14.867858134740516,4.92799694313863,19.008677939899943,-10.06103292089037
2000-06-22,-14.362108800527317,3.4449734555385865,19.618274440894506,-10.786102212159387
2000-06-23,-13.357471769875506,4.609397618879512,20.443042927295107,-10.95269158758024
2000-06-24,-13.111917571979596,3.6032584451466247,21.82178775901317,-9.995084830578499
2000-06-25,-13.469938613180831,2.856457643610047,20.769240240835696,-9.823152212348432
2000-06-26,-11.822838836563436,2.0429384652451965,20.887805290372103,-11.900233313191325
2000-06-27,-13.617648427969106,2.2800411684163113,22.094705291984287,-11.661341944375726
2000-06-28,-14.615166673382808,2.69671071883561,21.130571350167692,-11.155050692493388
2000-06-29,-13.897685228884194,5.633227097124392,20.1141905595327,-9.65085141806414
2000-06-30,-12.839523803452327,6.418783957180358,20.130903696989215,-8.437373817198353
2000-07-01,-13.678653999146398,5.206529446130076,19.517013565985792,-6.771906695310061
2000-07-02,-15.493765268058155,4.379048499154906,20.07089535987947,-6.451454329554089
2000-07-03,-14.804689486184927,4.023297490395837,20.55081835962039,-7.925050477374997
2000-07-04,-16.487379208179547,1.174323444047292,22.134554891757816,-7.639781648020499
2000-07-05,-18.558460717056104,2.0250584006949275,22.794350985450848,-7.6434574580720245
2000-07-06,-18.18161423068712,1.7920457993422239,23.209721777198645,-6.0986134018222975
2000-07-07,-17.763073223093876,1.0494618876773467,24.75450090202741,-6.905380323083446
2000-07-08,-17.44006452624972,0.5379018085151441,24.913885196565285,-6.971825472058932
2000-07-09,-18.96376309026143,-0.7477998198076063,24.820999359364027,-7.7095313527646265
2000-07-10,-19.959086293922095,-0.9487776413232639,23.59661521958605,-8.382422279434445
2000-07-11,-22.1440927357294,-0.532132227395383,25.446514641272064,-9.242841854990298
2000-07-12,-21.44692781775776,-0.5955907880684229,25.30310420465515,-9.518385947331502
2000-07-13,-21.380747807914815,0.07896494379952701,25.285686301695556,-9.882557339092891
2000-07-14,-21.944008920830896,0.6552303350685822,26.050231407383166,-9.184713632855818
2000-07-15,-22.430369695301465,-0.9774795303262429,25.77445302855892,-8.983336342424776
2000-07-16,-21.483606155394476,-1.51958210787175,23.47921691953682,-9.267451516385865
2000-07-17,-23.00301867495839,-3.8472141700294933,24.779557887882056,-9.145921933957954
2000-07-18,-22.292588147326793,-5.094931804844649,25.204454413656986,-8.289728754815714
2000-07-19,-22.858449920197188,-3.2633147054192486,25.068615129561596,-8.646269162576226
2000-07-20,-23.627796784042328,-3.641690583002265,24.447819562116024,-7.849259266923673
2000-07-21,-23.759884313227488,-4.841289965185939,25.825386469250336,-8.799262484447617
2000-07-22,-23.97858441589792,-4.132838215602428,26.140990871036546,-8.620334189837099
2000-07-23,-23.67903115142962,-4.1519102093902225,25.563172213099936,-8.46656554562348
2000-07-24,-23.658057802151983,-4.228442935872693,24.63178521236538,-7.397128145149722
2000-07-25,-23.05615496220759,-3.9084959467843605,25.105467508007887,-8.147926273107148
2000-07-26,-21.934436305234268,-2.8707308262374402,25.256896813828327,-7.55615534553685
2000-07-27,-23.82049395862746,-2.631176040762616,27.614221827802176,-7.507529696235045
2000-07-28,-23.581309946969764,-3.1496965577286797,27.717401951536512,-6.465161418247657
2000-07-29,-24.240448241604046,-4.650616834350049,25.407700409124047,-6.538185347387179
2000-07-30,-23.626481424933356,-4.399672519055645,23.683776167686393,-6.332092864717899
2000-07-31,-24.843864881653047,-3.529955833423736,23.55058483034113,-5.6637890329702945
2000-08-01,-24.851256870368235,-1.4519724442428132,23.31483584872628,-4.667889113644478
2000-08-02,-23.783871039740813,-2.4985785241361596,22.851962255394948,-4.806700796651252
2000-08-03,-23.55431592127478,-1.4604284906964415,23.63014325196722,-4.868355645579033
2000-08-04,-23.24575297953805,-1.7073353175587438,22.472938025792832,-4.917025627163844
2000-08-05,-22.234922844721726,-0.7687434601361391,22.325507466532137,-2.7749546904279074
2000-08-06,-21.913636010015804,0.014437404008422638,22.18936636778504,-1.531308754129092
2000-08-07,-20.76591376181773,-0.048956530291466016,23.55211121044978,-3.0448392653553693
2000-08-08,-21.940500449990758,-0.555830245211288,23.202354066650617,-5.455644384038628
2000-08-09,-23.54796741249359,-1.3823201603902149,23.21998761433857,-6.090280007849551
2000-08-10,-23.435700004406957,-0.9573654039642767,23.221645743899415,-8.841889632059512
2000-08-11,-25.117672819037534,-2.316437864527103,24.679818909011566,-8.686780161913138
2000-08-12,-26.06234233544341,-2.2137526279801856,24.56630418096287,-6.965722818641108
2000-08-13,-25.272773741702046,-2.6496337703018713,24.98461306583008,-6.939709876666997
2000-08-14,-27.0293255086273,-1.5743389080242745,25.269956012151273,-9.002589822876168
2000-08-15,-27.789565738669143,-0.604941950462064,25.340347877446977,-7.825854441633551
2000-08-16,-28.02663821252063,-0.6139034859626886,25.865460659801016,-8.251111139090817
2000-08-17,-26.61827363250144,-0.7870117330069264,26.21093924605234,-8.475927554098384
2000-08-18,-28.039189988400313,-1.607687980282276,27.437919783538955,-8.480930766285834
2000-08-19,-29.26029804601089,-2.9219501537276793,27.18311516657037,-8.068620932062169
2000-08-20,-29.058987150915737,-2.4441711660331964,25.887123639058025,-9.575379621567036
2000-08-21,-29.639529042443634,-0.44285499895200076,25.975354301913416,-10.903851736441428
2000-08-22,-28.19248907140235,0.4443211214867042,26.208564031750015,-11.206555747349077
2000-08-23,-27.95340703323977,-0.2912789449788743,25.53981251178233,-10.124877679555498
2000-08-24,-26.807942198580562,0.3353941137962444,24.09307193255802,-9.3438906275968
2000-08-25,-26.24678127503639,0.2825936228554899,23.935155892079866,-9.843583744336039
2000-08-26,-26.459553480171813,0.17595996878912462,24.587975859291532,-10.666364487322081
2000-08-27,-26.718054492416424,-0.2679359262999824,23.068919758380545,-10.479161332528756
2000-08-28,-27.967616773920607,1.129979131791782,24.445501214835783,-11.395756089638757
2000-08-29,-27.455891516196132,0.10471475727458546,24.512578099796148,-12.480764156464883
2000-08-30,-27.44324849259754,-1.3221195837144288,24.737119282014,-12.704018627189265
2000-08-31,-27.70157303118714,-2.732275277449575,26.525502074750822,-11.777804920376166
2000-09-01,-26.408876749161987,-2.477698314373856,25.239184744200323,-10.550930022455738
2000-09-02,-25.866038668544817,-3.739702583485406,25.017648471060795,-10.054367194082221
2000-09-03,-25.890322335519237,-5.184022405617202,23.437291733622814,-8.266882273947722
2000-09-04,-24.93739631566858,-6.107427811026311,22.205804142203817,-9.578216706653453
2000-09-05,-25.63254588207115,-4.938434182075939,22.26416566419204,-8.976868646368548
2000-09-06,-23.06576548214099,-4.87399894448403,21.887546898567766,-9.050718609757492
2000-09-07,-23.225466706703187,-5.453820125957597,21.532407482335493,-9.670541573793827
2000-09-08,-22.667527428091393,-4.455384012362319,19.842439771373908,-9.542289829446034
2000-09-09,-22.760881035213217,-1.9650547787239514,18.329191290595716,-11.972351071584487
2000-09-10,-23.90953319606981,-2.104311605241347,17.179664811838858,-11.056274231092294
2000-09-11,-24.06733986119697,-1.6322348427595559,16.620839199674347,-11.264166793412485
2000-09-12,-23.95524673344645,-0.190524236806896,16.43430002324546,-11.804829852510347
2000-09-13,-22.071420306585622,-0.3156808667897104,14.86881449212327,-12.462694895259025
2000-09-14,-21.57794795657965,-0.9967037594724099,14.913058564584158,-13.04276769267312
2000-09-15,-19.861342345191982,-0.8720382138246902,15.12705758794802,-13.836351260265964
2000-09-16,-20.005368970445133,-1.5961946011513395,14.814603533930903,-14.604972796207527
2000-09-17,-19.81387087133382,-2.3685323619151104,13.661716315771251,-13.846990141017656
2000-09-18,-18.028880597844967,-2.920470175671084,13.147145443069974,-13.630931507801405
2000-09-19,-17.08180839155824,-2.1346497364388544,14.429446960666375,-14.909176657916408
2000-09-20,-19.292563560093278,-0.8209522944533081,13.233643773305978,-14.280284647082876
2000-09-21,-20.210127301010324,-1.2198852783723981,13.875872488699322,-14.321900965781774
2000-09-22,-21.448858830272282,-1.0282686266348935,12.709274148416196,-13.907827644619779
2000-09-23,-21.468024805689563,-0.23275837529190146,12.290424112623242,-14.435143061430184
2000-09-24,-21.637641852311273,-0.5102929116213737,12.297410034220603,-15.696060987057974
2000-09-25,-21.637367599906142,-0.9735644433235078,12.47095838466617,-15.1090232341178
2000-09-26,-21.32122573589141,-1.6432108633674467,11.577824320686412,-16.425644876783153
2000-09-27,-19.72815716473102,-2.071270698800154,9.769583299954341,-17.03362181035865
2000-09-28,-19.86685929707095,-1.7695281799806755,10.292701458214658,-16.26885814287199
2000-09-29,-18.429208659317904,-2.9916798509155655,8.846770440863123,-15.814205500614138
2000-09-30,-17.11061289988442,-4.584219830504443,7.079248023232438,-15.817777342049267
2000-10-01,-19.191504719013032,-4.849214767969143,6.045755358023542,-16.296899640202227
2000-10-02,-18.826808679666456,-5.4500376983934355,6.350674837426902,-15.161379197412396
2000-10-03,-18.99919133071136,-6.793922415887512,4.911919137156476,-17.97671370628082
2000-10-04,-19.766070650346073,-8.594460335947867,5.411982601629277,-18.494693538084157
2000-10-05,-20.82827563651234,-8.6881358519394,6.9011641254062885,-17.827175386813877
2000-10-06,-22.532581572508704,-9.096597012742977,8.215945436064978,-19.0765219606317
2000-10-07,-22.322114586712086,-9.669111246173035,9.044345528444484,-19.59605611167646
2000-10-08,-22.773240364888576,-10.16940310778155,8.913887211177189,-17.820699225164873
2000-10-09,-21.566380650766035,-11.339867489552118,8.503780894193108,-17.496698221110154
2000-10-10,-20.823932852236005,-11.053973576569737,9.594243858539741,-17.3483312186029
2000-10-11,-19.97101355354831,-11.634069996247206,8.705792557885573,-17.392872003195826
2000-10-12,-18.87908048400574,-10.58597811989393,9.042606562304059,-16.766078500754812
2000-10-13,-18.130897264136493,-10.66013213146286,8.696020171465932,-15.911424443389123
2000-10-14,-17.922100343083713,-10.006738392306897,8.851582151391442,-16.414439387199128
2000-10-15,-15.921756054655237,-9.632813186334541,7.432462684887132,-15.732824605395924
2000-10-16,-19.004546950164197,-9.154829590752094,9.157634618369455,-15.650045671424051
2000-10-17,-19.17006759706888,-7.576389273183855,8.41684687281277,-14.938298223913762
2000-10-18,-18.487955592455194,-5.613697244832422,7.402017048503217,-15.487436364583566
2000-10-19,-18.667275231630512,-4.239333656565989,6.877578349719404,-13.64495292778566
2000-10-20,-18.610539250967694,-3.0501500217512967,6.509691774241891,-13.862072595155153
2000-10-21,-19.441273414182994,-3.5501714144855083,7.500657609227604,-14.120256240251601
2000-10-22,-18.71826008800258,-3.5624300647754845,7.034968517251467,-14.755864532915787
2000-10-23,-18.516502505520382,-3.806381625147261,8.17174475820185,-14.598500830542607
2000-10-24,-19.167689429828375,-2.064928681132991,7.564117177358877,-15.027873714938279
2000-10-25,-19.056006923931218,-3.0756822974080595,8.124905959375333,-14.363038831809133
2000-10-26,-19.815952146822692,-3.4445921889356415,6.455016752170339,-14.168854513177882
2000-10-27,-19.383455911860786,-3.6162055030822433,6.084282175917332,-15.031285977029802
2000-10-28,-19.241724392746555,-4.6492080409276575,6.546784630846051,-16.56723134625554
2000-10-29,-20.753261890045927,-5.921736210953927,5.038818470387767,-16.622091502245063
2000-10-30,-21.29085800878471,-6.479465059430051,3.8376888975142602,-16.960835667976017
2000-10-31,-22.61167870920952,-6.223433106704621,4.61300842945462,-18.391070278862035
2000-11-01,-21.64503244219888,-6.863416451668244,5.5730566992380055,-18.154848043023897
2000-11-02,-21.102898041894925,-6.250771868255182,5.966823658425077,-17.314919533617296
2000-11-03,-20.71958671343578,-5.448245670230343,6.063707168408189,-16.887905699200953
2000-11-04,-22.107150683658052,-5.212222822313778,5.761623023315817,-15.643693674106634
2000-11-05,-21.371239228874927,-4.313642280100673,7.750479914740573,-15.869824200372742
2000-11-06,-20.281525414420592,-4.977038538713986,6.29992015179542,-14.298952877136657
2000-11-07,-19.711156928301783,-4.1642765586428085,4.918358663632822,-14.825085192300559
2000-11-08,-19.66833091768129,-5.053542862783333,4.534154746300479,-15.37801525742597
2000-11-09,-19.367165188081866,-4.143234143138011,3.0153997018527514,-15.92354806654118
2000-11-10,-18.61006641441641,-4.159639682553899,3.050782148778911,-16.712154810294937
2000-11-11,-19.596475633546397,-4.210917633421956,3.6306566056235305,-18.056304627734107
2000-11-12,-20.541369634749653,-3.6483744366473987,4.7044240879526615,-17.368911744848127
2000-11-13,-20.507847444761083,-3.8661046576533087,5.115535598532227,-18.705136474400412
2000-11-14,-20.13310609108603,-2.702668190680309,4.88935157570371,-19.51597416303395
2000-11-15,-20.256924819392026,-2.327099640110362,3.769926747032061,-19.39573605523373
2000-11-16,-20.398010014050122,-3.999025707910783,3.0797514702747746,-19.4668210730724
2000-11-17,-20.81159779779569,-3.9861867342426573,2.5036833358974735,-19.096820654578483
2000-11-18,-21.451912303476146,-4.646761835704399,1.9709963908744657,-19.793618353783128
2000-11-19,-21.277735391351598,-2.9547318366282385,2.744829379984453,-20.03427831728832
2000-11-20,-21.88109667634723,-4.418263711842737,4.016638380952781,-21.194938453406976
2000-11-21,-21.983322565577595,-4.028613219235332,4.157095643247492,-19.78295640988346
2000-11-22,-22.082714572626667,-3.04804778867336,4.016754583615893,-18.587235676552222
2000-11-23,-21.105297552432315,-4.276622155941291,1.7304043822499744,-18.423595353815905
2000-11-24,-22.04752184211633,-5.245181025674519,0.25072854350703766,-19.42212884767975
2000-11-25,-20.997459368298205,-3.946298344251386,0.07486340152397081,-18.20219692155339
2000-11-26,-21.360049595502275,-4.417343359264929,0.9424248803586237,-17.478555283497965
2000-11-27,-20.77158307747224,-3.5492760288303025,2.2485096623331247,-16.753490813120603
2000-11-28,-20.0750597698568,-4.186222492155485,1.3319966463410142,-17.848676241651784
2000-11-29,-19.743363005295407,-3.139714300303079,1.551248319788787,-18.106290467266447
2000-11-30,-19.016632422151417,-2.052164381577594,2.8145374206658484,-18.59425570629278
2000-12-01,-18.65071557703582,-0.8820692366220089,3.170456831560966,-18.665666975325053
2000-12-02,-18.816894918448288,-1.2898082997859968,3.6213714962209393,-18.107518474062942
2000-12-03,-18.23024507853906,-2.4864105135622667,2.6440992026910295,-17.13198256031511
2000-12-04,-17.38724466756219,-2.0689917922198124,0.7249875757789574,-16.522180737801985
2000-12-05,-17.59389593299657,-2.1229436604861176,-0.07099006544177067,-16.433627237786236
2000-12-06,-17.337850366330063,-3.2108651357408933,2.502019442161365,-17.005656330527135
2000-12-07,-17.089251749037984,-2.3741958772322436,0.3745759422934096,-15.988120207541858
2000-12-08,-17.17754265017259,-1.3508192230382177,-0.3433854888214287,-16.308154021808864
2000-12-09,-17.110865927384765,-1.1207082004887987,0.5189353328253138,-18.301625676530954
2000-12-10,-17.345876246393235,-1.0636904407402992,1.3619290752693018,-17.513078654366847
2000-12-11,-16.169906619628335,0.9725607437566515,0.8689368497952755,-17.858152634598056
2000-12-12,-16.072204483789612,-0.20834576539771876,1.6661941715130766,-17.6564905032122
2000-12-13,-16.833547381627966,0.6424688123688304,2.4869199633754944,-19.93749067004821
2000-12-14,-16.536120712206532,-0.10784376603285584,0.5917557008356713,-21.2801566108359
2000-12-15,-16.67992980848643,-0.5113934450376367,2.2250761766468816,-22.969306004706596
2000-12-16,-17.259180491748797,-0.047856367039841696,2.271034444315467,-21.46306810870888
2000-12-17,-17.376274001552986,1.3008760070907206,3.07838114708159,-20.56526525304185
2000-12-18,-17.075079557824566,-0.5478229396452328,4.181580780071117,-20.223312411964372
2000-12-19,-16.53185161381229,-0.8600145439697675,3.2119298987965648,-18.484215971250016
2000-12-20,-16.984427329008142,-0.4239930287862426,4.095904252494603,-16.946291984343013
2000-12-21,-17.65386332930862,-1.2987076948415488,2.601787529190693,-16.238607839112163
2000-12-22,-15.97286504997127,0.2705047629751647,2.805283857441961,-17.417838370280997
2000-12-23,-15.530668673129924,0.025430240342221827,3.552220480191532,-17.05454802371316
2000-12-24,-16.37366087973762,0.2190485029075411,3.420690124715789,-15.953377933751494
2000-12-25,-18.232516364423404,0.24965309037851502,4.658847953638034,-15.671980355084969
2000-12-26,-17.615866990715666,0.6860534587896019,6.225081881305631,-15.861551051495454
2000-12-27,-18.61353437620654,-1.1316644813219985,4.589404460034464,-16.540520720770175
2000-12-28,-17.90484966097615,-0.8198910880657173,5.487858803222284,-14.59798215695879
2000-12-29,-16.638990305782315,-2.57142315599757,5.932186033543993,-13.473413539821289
2000-12-30,-14.927184822623719,-2.751703148661761,5.263476987037095,-12.040996648498524
2000-12-31,-13.144924518842124,-4.424138411655931,6.669649988410043,-11.869811278768593
2001-01-01,-12.236536949420044,-2.9771427563101063,7.112735786055659,-10.919022130191268
2001-01-02,-12.0788913876635,-3.9956874460407033,5.79887135119419,-11.454640374325106
2001-01-03,-11.99022711549756,-5.336875877222253,5.925552646002653,-10.288200011791822
2001-01-04,-11.212420789282245,-7.434676405008353,5.512519302144585,-10.13862516071741
2001-01-05,-13.070602374732317,-8.529821216303002,4.144090012933061,-11.244831669574756
2001-01-06,-13.44675905747482,-7.321371606898421,3.6375496757783923,-12.26128393020818
2001-01-07,-13.482542993505215,-8.080557406088598,4.170099918000272,-11.429555906541205
2001-01-08,-14.210038601113306,-8.44856335573895,3.4207119244511235,-10.654754918813147
2001-01-09,-13.880003370744614,-8.459171523726045,5.73180248732279,-10.063562665927366
2001-01-10,-13.09237475657576,-8.650690995976815,6.210009086511943,-11.312408203701208
2001-01-11,-12.972687018940553,-9.671123775801036,4.652481851736304,-11.53477831603111
2001-01-12,-11.202429966621175,-8.825232918809075,3.2390268366222084,-12.337374518699576
2001-01-13,-12.421585486626453,-10.851362049485248,4.062141183077078,-12.933969419356794
2001-01-14,-12.117272199577267,-11.382104706177959,3.447098972495456,-14.472674386197799
2001-01-15,-12.587054081358579,-12.118834260060975,2.3839510704096645,-14.071632389296639
2001-01-16,-13.209001778469638,-11.4794797575722,2.371360172851461,-14.565356665175294
2001-01-17,-12.316560931381838,-11.751016518468177,1.6463203466114793,-15.160086246712169
2001-01-18,-11.932509823376755,-11.517515805169255,1.7281699362110166,-14.517638155373726
2001-01-19,-13.067057547113292,-11.780116881350047,-0.022217474377765667,-14.055891671372052
2001-01-20,-12.973042991912546,-11.480207688513298,-0.888169823147058,-13.33825830275387
2001-01-21,-12.97455336312949,-12.212486649563228,0.35127257103350906,-13.63877437499242
2001-01-22,-13.147000888988979,-12.818841540270505,0.4106302583170896,-14.26043279809413
2001-01-23,-13.05679759572086,-13.645003471885287,0.4933829599989289,-11.524938434694674
2001-01-24,-12.84203999708444,-14.743930385120628,1.0829767474308827,-10.925577318871566
2001-01-25,-11.386101187158067,-13.283638516425162,0.12904299607374103,-11.935580692730635
2001-01-26,-11.34452874863548,-14.228799019462915,1.314096839211528,-11.354105744337918
2001-01-27,-12.3443121582935,-12.06064982329074,1.786101552156479,-10.911809097480603
2001-01-28,-11.61311240685475,-12.467855052678717,2.4424016539850406,-12.152041884756452
2001-01-29,-12.485422784599184,-13.138312187642828,2.394917660376807,-13.392964298047483
2001-01-30,-12.006539019047969,-12.688922955529135,1.4776728684130789,-13.039476755040383
2001-01-31,-10.796874264240575,-15.042690182003199,0.45463722976894627,-12.249319915213654
2001-02-01,-11.580797629092956,-14.533970833678065,1.2236016997492396,-13.16216180875677
2001-02-02,-12.549853879089559,-15.276223831964305,-0.17066857160732396,-13.146277521458682
2001-02-03,-14.314451000884597,-14.546464997125277,0.44768423535436574,-14.785209046961697
2001-02-04,-13.750812573909114,-12.769929604020081,1.562101972980144,-15.89794672403405
2001-02-05,-14.55352800154826,-14.041472531710184,1.694025712559584,-17.097883463729218
2001-02-06,-15.730944911483999,-14.098625091093089,1.1533256826603733,-15.642898858883301
2001-02-07,-15.43254480781265,-14.007448141906714,1.334030033758247,-15.461949646151982
2001-02-08,-15.714098702465932,-13.19495392882655,1.298472467181424,-15.581190246138702
2001-02-09,-15.460462314266358,-13.511358965672546,2.200341532300202,-16.62632899451392
2001-02-10,-15.098645912125559,-13.087973034138445,2.812243649576372,-16.376518232949238
2001-02-11,-15.118715836480998,-12.26627791891384,1.8439031826316095,-16.096247866458853
2001-02-12,-16.71123300287159,-11.694038904032231,1.2980835024768256,-17.801539120710395
2001-02-13,-16.6905680881338,-12.047629868500334,1.0715499903443195,-18.72151458206679
2001-02-14,-16.092704011944598,-12.077501481129113,0.5096671990906585,-18.62151826101429
2001-02-15,-16.029155880296795,-13.018484193472904,0.459068487006612,-18.22649615910502
2001-02-16,-16.35082814240668,-12.828251178763146,1.8964679813522842,-17.063651224788206
2001-02-17,-17.128163821211697,-13.911721886482262,1.8418949586461562,-17.12599306209847
2001-02-18,-17.471147820360706,-12.057211037278751,2.7001970885573607,-17.065101121009924
2001-02-19,-19.045083097172363,-11.808143582483096,4.404473757487611,-18.27537538737149
2001-02-20,-18.889081485790488,-10.196456864168173,3.884663077955262,-17.893946567889124
2001-02-21,-18.967702453381232,-10.727636365887472,5.574586877752974,-17.77238049216691
2001-02-22,-18.622998347297276,-11.000872884739172,6.638042197104985,-18.160971007011657
2001-02-23,-19.698809523975886,-10.01236956400262,5.199158229058791,-19.927794493670966
2001-02-24,-20.24643567524412,-12.498089518956842,5.632249947638891,-18.226338843780198
2001-02-25,-22.00675336735091,-12.801068817434167,4.554157551821673,-18.286320362126993
2001-02-26,-20.91651674640784,-11.34998183624037,4.242350272720227,-18.00939834049744
2001-02-27,-19.8856029604996,-9.563051421576404,3.8560263783513085,-18.765529936482945
2001-02-28,-21.404130618420407,-9.129952604786517,4.169979512642895,-18.553971829130695
2001-03-01,-21.49592067062995,-9.506278837386926,4.223954149566769,-18.033358724878667
2001-03-02,-22.093192888632327,-10.180033574954924,5.880386621373348,-18.82180221564923
2001-03-03,-21.66635759463666,-10.283662837327217,8.139604127929754,-19.57204213352557
2001-03-04,-20.22437935773869,-10.402289558505295,7.149192351958956,-18.46861121068391
2001-03-05,-21.125218496926273,-11.15972460073436,7.162781337163461,-18.66025343371462
2001-03-06,-21.528395758468065,-11.027890149838337,8.146167728220519,-18.961931641382648
2001-03-07,-19.882596657781832,-10.052360373471704,7.7640899111621255,-18.737200933410897
2001-03-08,-19.488095837275658,-11.324278418431785,8.378541030837619,-20.021541694588674
2001-03-09,-19.157717581526125,-12.17259359755424,9.772107684415385,-21.483309449823075
2001-03-10,-18.610686812706398,-10.418650469379386,10.575327876734667,-21.342498521424016
2001-03-11,-17.83653006281833,-8.706698708455681,11.171530499365549,-22.51424415473683
2001-03-12,-18.113374813795286,-8.511645463680557,12.667535527794325,-23.709028874719863
2001-03-13,-17.628481135624607,-8.456291883610902,14.287671487159603,-23.97543127352533
2001-03-14,-17.907700075349855,-6.717929930903855,14.00296291693036,-24.803391529646095
2001-03-15,-17.911316825267047,-6.4880768838637515,13.892387355737332,-25.53660827590192
2001-03-16,-16.78503857846456,-7.764490867024509,15.39725932777252,-25.74566405929049
2001-03-17,-16.845759580096296,-8.332767886659454,15.57429370007834,-25.306349857405202
2001-03-18,-16.187278987891442,-7.659310215065422,18.418880510923582,-26.963101921213372
2001-03-19,-15.75933676334858,-7.800367370899653,17.973998660740516,-25.73719912618699
2001-03-20,-15.743541905071842,-9.033894533616326,18.938871256469383,-25.7053481378217
2001-03-21,-15.624551262421583,-8.374486956064382,18.213112500988018,-26.920907726034077
2001-03-22,-16.812351890068307,-9.456627172064351,18.54499066102494,-27.42543632511061
2001-03-23,-18.44302243308675,-8.838571494583233,19.47057722311321,-27.20631416526649
2001-03-24,-17.10408936393778,-8.115094887435824,21.13096312252542,-26.846139521814138
2001-03-25,-17.597191651323364,-9.402134546531379,20.50758998817179,-28.43258161506915
2001-03-26,-18.871678004983615,-9.40070827763808,20.267990274850856,-29.19853627789376
2001-03-27,-18.547959742220414,-8.530966256201578,20.38982400529287,-28.545908674235395
2001-03-28,-19.73695565021481,-8.453409726368717,21.581559372826074,-28.93051763678065
2001-03-29,-20.598048142040188,-7.4164156248683675,21.924894549184604,-28.19063161734244
2001-03-30,-19.590867176765286,-7.786206342103565,21.761725748883567,-28.956965208012043
2001-03-31,-20.97588485539073,-9.584043498357074,23.57858622333345,-27.47565316575177
2001-04-01,-23.360553730398046,-11.02617123638951,24.49873277056291,-27.19427855997645
2001-04-02,-20.686411390677097,-10.171450558250237,24.955668852575133,-27.622815840158943
2001-04-03,-20.24190872212468,-9.934296219203178,25.99344207318554,-28.416600554783717
2001-04-04,-20.266616947479214,-9.930641018437454,25.202967148408042,-28.902474455901388
2001-04-05,-18.34619880328842,-9.436382391663303,25.1008028155704,-28.02177207917276
2001-04-06,-18.262127970673667,-9.346100616356326,25.851803093343634,-27.836158404319598
2001-04-07,-18.204157656549324,-8.935283015874054,24.27105544254397,-27.57226280255294
2001-04-08,-18.44021304299857,-8.967035912551713,22.609599080136284,-26.613145168151433
2001-04-09,-18.295588343947593,-9.569538063332033,21.386811860714907,-24.98699962536975
2001-04-10,-18.791401351065737,-9.077174584063282,20.69989145259095,-25.319155272425714
2001-04-11,-19.474097396097246,-8.897304897959767,20.516210347518548,-25.46443794755364
2001-04-12,-18.74786230621056,-8.450877541212177,20.36015702535805,-25.761177549851887
2001-04-13,-18.159969184861815,-8.029325685434074,19.437739944350195,-24.64612242287216
2001-04-14,-18.589465063632282,-8.267950861569604,18.63253985621395,-24.149306503961594
2001-04-15,-16.8363003711576,-7.403758006952421,18.404317051003456,-24.532617824639
2001-04-16,-16.82681355184462,-9.488617775842208,19.101175258606723,-25.24235109659096
2001-04-17,-16.82091415724487,-8.782580160504462,20.29386308031663,-24.704196662689796
2001-04-18,-15.862651230626843,-7.014557643771636,22.112825002904533,-23.136560064461527
2001-04-19,-17.091688401714677,-7.92860892655696,23.195369934825965,-22.947843321704525
2001-04-20,-16.89614340916189,-5.343921214676344,24.625286498936745,-20.891159255762894
2001-04-21,-16.82108375984467,-6.580060715087241,24.587680096377692,-19.928382556047964
2001-04-22,-18.16349940606879,-6.413822631041081,24.613670972059634,-18.387612924672975
2001-04-23,-17.437532463899778,-6.309068859609983,26.046931588504098,-18.17588563392668
2001-04-24,-18.44833642565802,-7.307744067168869,25.61212257063554,-15.595198607486761
2001-04-25,-18.08947196156877,-6.228476880728473,24.103697387756572,-15.487739581141037
2001-04-26,-17.411608977142794,-5.962425697142107,23.620163848380834,-16.476884436007946
2001-04-27,-14.81178313486559,-5.998464985044292,22.78143028090799,-16.457087784782175
2001-04-28,-13.815103046492297,-3.815797243807826,22.79425371378056,-18.428276203564447
2001-04-29,-14.011927311509407,-3.0060332011213444,23.07154051971495,-17.61349021862006
2001-04-30,-13.422702995572815,-1.3815422260589945,22.396708461223334,-19.008278453217017
2001-05-01,-13.423929821805887,-2.5983789971043683,22.283200326065735,-19.422987961251675
2001-05-02,-13.493784391927036,-4.326127087439663,22.7978823843882,-18.454065812408544
2001-05-03,-14.220811867759286,-7.695842234259269,21.98397700492012,-18.500450335035342
2001-05-04,-14.157622967769527,-8.582710566042913,21.710792922402064,-17.6349212514903
2001-05-05,-15.48608964430509,-9.194318263779897,23.453012846012513,-18.52936407834141
2001-05-06,-16.455629264769865,-10.746868603100037,24.101620303476338,-19.87833724650564
2001-05-07,-16.191416631296974,-11.658355416627753,24.49437507186134,-19.97274119318407
2001-05-08,-16.597308885693707,-12.335876472751638,26.623109862649677,-20.89400263241839
2001-05-09,-15.900226955992016,-10.68582764302366,26.187699705422393,-20.929579128998085
2001-05-10,-14.824381145108777,-10.442752384023644,25.952873415000468,-21.118001950844597
2001-05-11,-14.880809538544753,-10.850771489552287,25.816770062123723,-21.20893393215468
2001-05-12,-14.132787080459321,-11.153238302976323,24.420976726127595,-22.305032445368617
2001-05-13,-16.407155457338582,-10.832726439036053,25.161876805340267,-21.892752702710474
2001-05-14,-15.247276183619404,-11.837665173346416,24.18697313035475,-22.23812600871713
2001-05-15,-15.77710304502503,-11.361416107936039,23.22869228879145,-20.802453004030216
2001-05-16,-14.478211412717354,-10.618658081470219,25.474069917674107,-20.870100464480448
2001-05-17,-14.183264972966136,-10.993996953226722,24.915544672085982,-20.842207816397806
2001-05-18,-14.761106692304415,-10.83107869759264,25.617493234793344,-20.366721034189958
2001-05-19,-12.409283782917342,-10.572587122926016,25.649350347239583,-21.136384513969915
2001-05-20,-11.413460761472495,-11.380481641108357,25.606274595606394,-19.543449110925923
2001-05-21,-10.590603493336115,-11.126458304131479,25.51624504710772,-20.346694575313624
2001-05-22,-10.169511364512896,-10.58712456251504,26.727540101600674,-23.31186565966903
2001-05-23,-10.873287092229791,-11.10655362650037,26.97205207814344,-23.6474994313638
2001-05-24,-9.970889067335543,-11.007794541383378,28.394371582385574,-24.5679291183286
2001-05-25,-9.455053719073142,-9.491114945115932,28.28226814523894,-24.732668149823954
2001-05-26,-7.4751474889233345,-10.8966502188519,29.249748540662456,-25.959597539853682
2001-05-27,-6.816260252649364,-10.48924657171086,28.80657310118398,-26.597682258207275
2001-05-28,-7.675698107300091,-10.086437161949103,27.436034295380285,-26.64294090815176
2001-05-29,-7.7638156116269466,-10.836158300710792,26.29410683229303,-25.959079685687982
2001-05-30,-5.46135792840807,-9.625304972369793,25.28650103925068,-24.93089098399143
2001-05-31,-6.435325422608522,-7.454459239015124,22.374205924050752,-25.661926885594717
2001-06-01,-5.1321028469292305,-8.268356604356006,22.51447957101884,-25.97314337876589
2001-06-02,-6.99770630980235,-9.681914353871736,21.356738616462106,-25.16611123801507
2001-06-03,-6.431846811299231,-9.124729008110656,21.020069798642595,-24.796419018683245
2001-06-04,-5.305179170202644,-8.898726099313814,20.667907536805746,-23.641907212370008
2001-06-05,-5.374948480000843,-9.765632938748976,19.785668104421827,-23.454555870288054
2001-06-06,-6.115616533316972,-9.892366505796709,21.018648933266025,-23.611287014325875
2001-06-07,-5.356724791294849,-10.010675889911045,19.9511055173197,-23.09876389605131
2001-06-08,-6.080237679342948,-10.06406912702398,21.868388355296645,-25.16921639876988
2001-06-09,-7.320204553280786,-9.762293574869263,20.424257557422834,-25.1868311977838
2001-06-10,-8.083111361792582,-8.112576394346407,19.155546069782034,-23.890851495420222
2001-06-11,-9.835001615600467,-8.040824923713638,22.62256736859695,-25.166743929927993
2001-06-12,-10.192834914283493,-6.570069724982701,20.874633746167813,-24.44939596974681
2001-06-13,-11.38005816817444,-5.535608504963886,20.026947367821755,-21.36090844520573
2001-06-14,-11.710635605743638,-4.663616727257887,18.682037307092553,-22.054635747088167
2001-06-15,-10.5118137424531,-5.137480380313865,19.417422811489768,-22.72816130234309
2001-06-16,-10.379472111591324,-5.539651598120646,17.857727736995248,-24.15988758807898
2001-06-17,-10.3752981865166,-7.868730636143238,19.007097537291493,-25.66779220582783
2001-06-18,-11.674312132873071,-7.703852563491286,20.451695906087032,-25.882846477165998
2001-06-19,-11.435299894499055,-8.740109891828743,21.685339976570774,-26.50897182389722
2001-06-20,-11.457150817682155,-9.64842492067237,21.00497167711971,-26.556546417844825
2001-06-21,-10.736119317028148,-9.735650842130436,20.96461175474499,-27.40303436194943
2001-06-22,-10.842898033373208,-7.919447792718971,21.74272254691352,-26.05272079575063
2001-06-23,-10.571990547356945,-9.677643706165231,21.714358811119453,-27.900322898042525
2001-06-24,-8.63003889361362,-10.62022547591135,21.598170205009925,-27.090872628735887
2001-06-25,-9.630672512029603,-10.563691786338884,22.028436640002433,-28.66233758710345
2001-06-26,-7.010430238731814,-9.458192141525535,21.71858076724808,-29.301283690773314
2001-06-27,-6.483374162666411,-8.155927243279534,21.046051259731335,-29.53160488253744
2001-06-28,-4.735574194073618,-7.890057325805087,20.220746230375326,-30.77019142752939
2001-06-29,-4.56952924380065,-9.220821680689214,19.327539780909934,-31.559278581404477
2001-06-30,-5.708587887209837,-8.146059168796372,17.923447716826452,-31.213739757828638
2001-07-01,-6.247588619812596,-9.185781024408946,18.386178192621706,-31.344166221538988
2001-07-02,-5.890462698585629,-9.232682866959928,18.7847185028236,-31.625685429849277
2001-07-03,-4.844591277344061,-8.986752290779156,18.59568684313829,-30.364689062878202
2001-07-04,-6.514244103154299,-6.8196335834180495,19.329831268308745,-29.672954159575365
2001-07-05,-7.318531769261466,-7.346242583268281,19.256911312004156,-28.56877550049274
2001-07-06,-7.164001602440946,-6.42677102274211,20.04407984506117,-29.250103911999517
2001-07-07,-7.028046065567088,-6.243502968323694,18.699968752289816,-27.880260949399517
2001-07-08,-5.928083231449974,-5.798894325619818,18.67281257475825,-26.754715071712344
2001-07-09,-4.124049155751416,-6.009785794128525,18.542263774068285,-26.411693386421643
2001-07-10,-3.3448809015144896,-6.450418696091384,18.902019437174964,-27.048498230023842
2001-07-11,-2.021580204476674,-6.079383925522477,19.531191172150837,-27.214180120171054
2001-07-12,-1.5235295966221651,-6.218400840531027,18.748411771399056,-27.075199169391453
2001-07-13,-1.1632751568466695,-5.5220283422269905,16.773685426317083,-26.65951593953416
2001-07-14,-1.6497842383317185,-6.117294853100761,16.344449320796038,-27.158277051392925
2001-07-15,-2.985557887917249,-6.221809241149815,15.904865541947597,-26.73011237868537
2001-07-16,-1.7618742706092267,-6.154171643416783,15.980999354500677,-25.8767644372602
2001-07-17,-1.8114020471269623,-6.6797336682878665,16.065923265796574,-27.167732129787044
2001-07-18,-2.7880633588918764,-6.487154944392139,15.78560658289144,-26.923992648186776
2001-07-19,-1.50939142903408,-7.581329504519362,16.22230547311437,-26.10686997792077
2001-07-20,-1.6640076627312856,-6.197552348913995,14.958069628734531,-24.137253297000782
2001-07-21,-2.3050567867665697,-6.882341843818531,13.928188389549069,-23.91101295836844
2001-07-22,-1.359593066996346,-6.592518401973547,12.039435397431584,-22.538716192609527
2001-07-23,-3.0396985024726906,-6.085472583615553,11.538995149964393,-23.202630573138617
2001-07-24,-3.040186334324501,-6.517722458286056,9.927303110336764,-24.402793821827977
2001-07-25,-4.177249320439499,-5.733720373326062,10.408633987436465,-21.903718351233437
2001-07-26,-4.904982143055947,-5.434516798972184,9.9577550177542,-21.572765195716283
2001-07-27,-3.816807264517243,-4.972663898244707,11.073894490517858,-22.004030715334572
2001-07-28,-3.9553294098875624,-4.808788645355145,11.061945226477318,-22.06917152846442
2001-07-29,-4.756958621627189,-4.233836584712346,11.283423353695259,-22.66024568079135
2001-07-30,-4.555532410973916,-2.846713931378299,12.33508067748425,-23.603123061473084
2001-07-31,-3.8302088541099986,-1.5994725389945634,11.543391512260172,-22.814355775359328
2001-08-01,-5.0273807428095285,-1.4134929431805159,11.05660368145732,-22.7660604877688
2001-08-02,-4.27035667807156,0.6338925054468099,9.592123246747564,-23.794090502584062
2001-08-03,-5.493884108174489,1.112521421785039,10.162929616003378,-23.370734834052705
2001-08-04,-5.148734748166607,1.2940211988678205,9.943107362806204,-24.17214311364508
2001-08-05,-5.687078031182254,2.591208439882122,10.372904866831089,-25.7680727987687
2001-08-06,-6.330002219313009,3.2806336331929544,10.68974497731329,-27.02039244493994
2001-08-07,-7.486689326137083,1.2922538392101253,10.76129759837696,-25.384107879183244
2001-08-08,-8.486972534408254,0.9655698208616086,9.827559134497859,-25.262720452685198
2001-08-09,-10.433823086542434,2.745399859170509,11.034671698751183,-24.885141363965023
2001-08-10,-9.54039321045619,4.522352618050295,12.358189917691687,-24.530727240348465
2001-08-11,-9.28786464984051,4.361437986436477,12.48194030780668,-24.308819815679602
2001-08-12,-10.51155629295656,4.920499986909898,12.360608928800303,-24.578308353564722
2001-08-13,-9.233862757221859,5.0288149347854425,12.288611231427408,-23.914471096387555
2001-08-14,-8.677083006443414,5.138560197484759,10.75576348142763,-23.907722027430705
2001-08-15,-7.230872894168829,5.415891862452036,8.562479203510742,-24.957677633506865
2001-08-16,-7.016224981026434,4.45775139744163,9.404575737520176,-24.74471588849649
2001-08-17,-8.118040700287018,5.793680130553453,9.152038151285478,-25.338695445759228
2001-08-18,-9.014221376537195,5.649789326228448,9.139012782173442,-24.808055451466643
2001-08-19,-7.483439604751965,5.580615981269079,8.777348606997204,-23.38320550049325
2001-08-20,-7.464316255833718,7.627369039586226,9.304556969117806,-21.176650010859593
2001-08-21,-8.119486242922731,7.551930975657844,9.5799728702932,-21.27209041240835
2001-08-22,-7.980710355421953,7.962864679739156,11.107822678204503,-21.68817362507521
2001-08-23,-8.54747343148676,7.36114958308323,11.878667333571343,-22.123058172616812
2001-08-24,-8.404072048271546,7.793153190607998,12.402635378515978,-23.213415304097204
2001-08-25,-8.090434376035976,8.043180963832308,13.193863977372763,-24.67118959917215
2001-08-26,-8.043663657291551,8.712820783765228,13.06534750538379,-25.171265097390815
2001-08-27,-7.071115753119192,7.850047737724968,12.980512478817968,-26.0771799001908
2001-08-28,-7.526533136575957,7.80166610335212,12.716301529217995,-25.692889415675527
2001-08-29,-9.199648639078541,8.978938875108524,12.846052020985864,-27.953110180896864
2001-08-30,-10.400951587407452,7.359683689480436,12.519831432034724,-27.993465646920587
2001-08-31,-10.416159847582831,6.580328388368354,14.187383278523896,-26.917876893449787
2001-09-01,-11.370364108533018,6.941869627388151,16.557464239822313,-25.901076542672996
2001-09-02,-10.765897609097934,8.966176050930242,16.970689025337162,-24.910635989289307
2001-09-03,-10.70937065447117,9.396110801334377,15.167520154382208,-24.931549012327455
2001-09-04,-9.809074148545719,11.90638976341106,14.962927281555888,-24.486998972865553
2001-09-05,-9.947679013673515,11.23055537560763,13.86644627016338,-24.31132129838817
2001-09-06,-8.324581797407262,11.551201225353257,14.195600071085083,-25.0165428507909
2001-09-07,-8.562947261223295,10.393777697300427,13.880841433321661,-25.578193874701572
2001-09-08,-6.698576420129249,10.366949709643144,14.081025893721728,-23.902256970513097
2001-09-09,-6.877239764552452,10.047674246134639,13.46102749720026,-24.716363212380575
2001-09-10,-7.063260372506889,10.631309732365409,13.684231529094497,-23.64238195264821
2001-09-11,-7.754725054394871,11.245650879423437,12.751100459665146,-23.13268764184434
2001-09-12,-9.400363641216499,10.991496651512533,14.85940106792014,-22.140960005021974
2001-09-13,-11.01664200156788,9.495686955253314,13.945370415482078,-21.65772413752683
2001-09-14,-13.284911441773202,8.337853591089866,12.273281002795041,-23.68952410054255
2001-09-15,-13.947382167873577,7.843919634048012,12.84507003879358,-24.860989836069045
2001-09-16,-12.513376570754932,7.206140009273841,12.889964693370231,-23.709838068278124
2001-09-17,-12.625234288122522,8.573172944225705,13.901395177659989,-22.65493356197607
2001-09-18,-12.003969968766034,10.218985565218658,13.209087324843729,-23.016537265329802
2001-09-19,-9.195611623703778,10.575199313552652,13.868903600057365,-21.85260562272792
2001-09-20,-10.013384335976797,10.825579937029989,13.864774214460025,-23.049673550244698
2001-09-21,-12.253301474616258,11.458356780811679,13.248395067796661,-23.356914498246667
2001-09-22,-11.898114818939352,10.792718018563729,13.519700450256622,-23.378429147484947
2001-09-23,-11.854344045495585,11.492599455745246,14.368015533416628,-23.738791946150016
2001-09-24,-11.302829415253026,13.30634955770318,14.612798838607375,-24.773157849274348
2001-09-25,-10.832422385994088,14.352200234998982,15.25721269958085,-25.458280880209074
2001-09-26,-12.536849494632632,13.763273310883871,14.26566244013839,-23.368368090546124
2001-09-27,-13.521625882330069,15.38268632741949,14.848685190175537,-23.496279503812495
2001-09-28,-14.893201375646829,13.880440297812381,13.722317228518245,-24.075358933262752
2001-09-29,-15.914590173616288,14.949668260025764,13.747050853473343,-23.548758649348688
2001-09-30,-15.592804617469568,16.334814250225314,14.2392427402464,-24.5960060502081
2001-10-01,-14.793868553350304,17.018536673047677,15.441332721314966,-23.703074608052994
2001-10-02,-13.152610661968367,15.547454524131187,16.50588581393592,-24.130243723279264
2001-10-03,-11.351067382733254,14.083151686534624,16.160172425813162,-22.961911404219247
2001-10-04,-11.523583952195654,13.602208758101872,14.317734822332332,-22.768687553721808
2001-10-05,-12.370930377472872,13.530595676398493,14.24248271527049,-20.1486775883577
2001-10-06,-11.787489102673177,13.502570702541638,14.950652957879077,-19.207374536626432
2001-10-07,-11.55812057957195,12.474935015390253,15.74434411410274,-18.310091103593784
2001-10-08,-13.650117845454433,14.077258935573457,15.31179133807325,-16.981771570312436
2001-10-09,-12.796836657678664,14.910901222154802,15.489624662963577,-16.45375698178061
2001-10-10,-13.196546225788369,14.908765113238895,15.706910505395241,-17.43563491289718
2001-10-11,-11.803124381114458,15.451038423120643,15.104099756445658,-17.438375300805294
2001-10-12,-11.001936879346923,14.831843450862618,15.932984863572388,-16.520608743714458
2001-10-13,-9.135898712235134,14.664159225306438,15.806003263320228,-15.813891859673632
2001-10-14,-9.307130768953188,13.488074481282801,15.789672398936844,-16.40013642961781
2001-10-15,-9.712596771906107,14.62717793033016,15.378017763318287,-18.011994559798623
2001-10-16,-11.87600760817114,14.311518997247024,13.366462759235642,-17.604774177348478
2001-10-17,-13.150792111838744,13.179518999038194,14.29879113001648,-18.402784155285115
2001-10-18,-14.385478585560312,12.802009762392828,14.190464220525854,-19.686512207177543
2001-10-19,-14.408141623195128,12.596385376117839,13.808261058730524,-18.060643169655044
2001-10-20,-11.660046065575637,13.400343534424088,12.983230770387912,-17.32973429002832
2001-10-21,-12.200506123104669,13.446990567664939,12.435828039861974,-16.967526643054722
2001-10-22,-12.961755035161284,12.362653871637502,11.732323889294761,-15.054119791732434
2001-10-23,-12.398388449321798,11.496504570369957,12.815351542058636,-15.062752222619562
2001-10-24,-12.161171467840818,11.377111980605978,13.04257318170166,-14.37553927616205
2001-10-25,-13.018940811001817,10.650478425333986,14.084970620634328,-14.181819123506239
2001-10-26,-12.351338482083811,10.550287677339208,13.753099002734094,-14.291682173246295
2001-10-27,-12.598525938331782,10.684870965260515,14.260891725992915,-12.884408578480377
2001-10-28,-11.672450574989881,10.198718426713658,13.806619543558778,-12.238923793136905
2001-10-29,-10.876247935536778,8.11637362464576,13.324431112620433,-13.38976731551684
2001-10-30,-10.652220141310845,9.143732774988672,13.967445928428138,-12.301192657042415
2001-10-31,-10.646196781843697,10.628453324721868,12.44550326436508,-12.470673963939623
2001-11-01,-11.197470696953898,11.522180997417223,13.391354166564001,-12.921357982745718
2001-11-02,-11.082270189138498,12.353884987958153,14.438717698097781,-14.194927236577536
2001-11-03,-12.656026977160877,11.429966662573747,16.173270012651074,-14.39161924205936
2001-11-04,-13.27348407436988,11.298658783720095,17.110350625653442,-15.25954325241259
2001-11-05,-13.167464373825302,11.327856276968657,17.875514926516214,-16.007281759639838
2001-11-06,-14.417810796856102,13.795919290949195,16.75559528408003,-15.276726642499131
2001-11-07,-14.7362015853447,14.793275947648542,17.61833678591204,-13.985396919567675
2001-11-08,-13.700485698717547,16.1318571479876,20.864005029191226,-11.50886084118164
2001-11-09,-14.218310928728503,16.12274025286118,21.05064554335736,-12.305291353794708
2001-11-10,-13.812764382908503,15.270279035601869,21.910285624409894,-13.276236028704705
2001-11-11,-15.043728308243313,13.96276822148267,21.39293553451804,-12.130014570916337
2001-11-12,-14.688464680450593,13.890280630848169,19.858656727365,-12.07639852464011
2001-11-13,-14.968716206662739,12.72036253114204,18.90200744053647,-12.224255991712063
2001-11-14,-13.40352926520205,11.51945874306388,18.328609145717913,-14.189535445591417
2001-11-15,-12.488236006015983,10.717698801664774,15.750290334716917,-16.80484791478672
2001-11-16,-13.15981932408197,10.419622294887901,17.28025182029104,-16.621393254129288
2001-11-17,-12.447997214512112,9.520594971170745,16.6830645134675,-16.1588205390257
2001-11-18,-12.222793583877381,9.831589778550516,14.458410312758193,-16.363597792474017
2001-11-19,-12.362335640047148,10.187566540162472,15.977640837543213,-18.33187482353234
2001-11-20,-11.693296546011135,11.217922554698005,17.223951713766958,-18.57093190502539
2001-11-21,-10.532204294271102,10.882557813835593,16.306199957746767,-18.270079404182784
2001-11-22,-8.800870572749828,11.520193705486271,16.25156951556425,-17.68330257669225
2001-11-23,-7.480192771272685,10.842142555939597,15.607235233384277,-17.574119662413153
2001-11-24,-5.915695580852728,9.617910925993172,15.28545103939303,-17.13705238255085
2001-11-25,-6.885406094022915,7.972436523002121,16.583846530123573,-17.205775507394595
2001-11-26,-7.91662359040885,8.339898278096893,15.427488750259451,-17.333303337680647
2001-11-27,-8.9615699862901,8.104582881253263,14.381265155912086,-15.543448066164048
2001-11-28,-8.410382568096114,8.262000946191023,12.986111403845316,-15.381795048463225
2001-11-29,-7.692894441300181,8.266471040854293,13.370795388919747,-15.298750229934148
2001-11-30,-7.214737563513165,8.229055260119734,15.049069494761874,-15.327577455283368
2001-12-01,-8.043385227821098,8.218534288817043,13.875535397037174,-15.188391972484965
2001-12-02,-8.454851653860928,6.594435072267805,13.497933761847632,-15.979356761322064
2001-12-03,-6.324361633758398,6.788757531493948,13.94617100788196,-15.508488589606833
2001-12-04,-5.8745324229433225,7.326470901713721,13.853071705480701,-14.88898474311654
2001-12-05,-5.921326250920849,6.666478966505233,13.97105569855471,-14.341680689911264
2001-12-06,-6.6192679615897525,6.5322354998061,14.496709113046196,-13.781127196569656
2001-12-07,-6.422399705898323,6.494884297795732,14.086216349048499,-13.481008548947335
2001-12-08,-5.757430172673072,6.9701420235421265,13.477252501011499,-11.81870214101935
2001-12-09,-5.163815393551392,6.070040763388006,13.89129791806742,-11.477654476217818
2001-12-10,-4.8643816597140885,6.251285281677457,13.502184846342022,-12.193371864968297
2001-12-11,-4.499354397582536,6.807939031396874,16.112216706202865,-11.066104926110949
2001-12-12,-6.272593184017314,6.909817467103739,18.125016847627887,-10.759258202193145
2001-12-13,-5.485473977136018,8.140210829787186,19.464621468003024,-10.069396616967813
2001-12-14,-5.194094058088865,6.351030548807305,20.523245351880128,-10.700084333036745
2001-12-15,-4.641178992739706,8.22093764598068,22.064548984302856,-12.569080716612346
2001-12-16,-4.253664990339347,8.915520365839889,24.25569464399775,-13.839950635895775
2001-12-17,-6.107969549704201,9.749452329444878,23.0495730661134,-13.617042589131637
2001-12-18,-6.346151269186235,10.859851059954208,22.146003583028975,-12.047096558826766
2001-12-19,-5.311449456620711,11.445011002875228,24.232631135919462,-13.975306934331748
2001-12-20,-5.21005643840885,9.223399969740491,25.329658489921762,-16.586363782949253
2001-12-21,-4.77775295238717,8.579631378531557,25.39308915145434,-17.223656725178863
2001-12-22,-6.981982675735485,7.470182551196084,24.72814767493244,-18.020373412066427
2001-12-23,-7.439179205767219,6.788116876067961,24.55081152165174,-20.133906670898856
2001-12-24,-7.061728490313918,7.182662860520477,24.93559201128554,-20.73239651391759
2001-12-25,-7.827667811611645,7.698553428257825,25.17721575441854,-19.68883428184486
2001-12-26,-7.826974725559685,5.523232495311683,26.36858262629449,-20.263277112418283
2001-12-27,-7.965723973535527,6.548833306346749,26.942639974882994,-20.100319452706774
2001-12-28,-7.824767498386615,7.090322592067189,24.51712890561346,-20.998724836897683
2001-12-29,-7.923266174561076,7.799088953677456,24.127273476928913,-21.951430701600113
2001-12-30,-9.49363027597743,7.249441433289474,24.41066101784679,-21.86572889368379
2001-12-31,-10.087852968464501,9.303973578267072,25.835832668698245,-21.873105460147357
2002-01-01,-11.285885411381393,7.752625430119742,26.980909520160232,-20.665929113887877
2002-01-02,-11.8798341495311,7.075478142641189,26.62571661483455,-21.39079018971023
2002-01-03,-12.47779015739952,7.738767683249108,26.155298186103103,-21.756092632055196
2002-01-04,-13.150465909652919,9.039432467580918,25.01253708602205,-20.91035085062067
2002-01-05,-13.177428040114602,7.569503460886588,25.997354570867635,-21.392916629958222
2002-01-06,-12.335998303227104,9.646755561588039,24.882802897377655,-20.42142999094321
2002-01-07,-14.044067035092409,9.720325762371052,26.399269441216735,-20.394140821042885
2002-01-08,-14.433311671786296,10.66807114226005,25.30590265534143,-20.652760376832884
2002-01-09,-13.467071079585802,10.528431625667823,24.138119471699195,-21.20618684557917
2002-01-10,-11.574816137908229,11.641214948635454,25.788427165853147,-22.12478420250737
2002-01-11,-13.169735698310234,10.694286058793733,24.909356060861054,-22.696345971529304
2002-01-12,-12.57542451369942,11.382410225995015,23.92828020614288,-22.927430149537955
2002-01-13,-10.935043912382456,10.436988511273325,23.03608223746759,-21.382016031050757
2002-01-14,-10.331701093259282,9.638822439038888,23.68347180951582,-20.32429444681938
2002-01-15,-9.251405403074848,9.156390358789958,23.631245809383046,-19.488972900413135
2002-01-16,-9.25914214168543,9.241706731865737,22.820951042239912,-21.000382080852386
2002-01-17,-11.492204295837094,9.743126469138057,21.542216128631345,-20.034280236583623
2002-01-18,-9.536616801385469,9.9991695521404,22.185892561835978,-19.81876667806971
2002-01-19,-9.101462091170747,8.245551552632929,20.34367363719621,-19.420783500479654
2002-01-20,-8.288606375816912,6.827043722988031,20.626387250099242,-17.56710648701339
2002-01-21,-8.586256478045197,6.318366212376795,20.225239046473046,-17.487538217982355
2002-01-22,-8.331175708651685,6.549716667978588,20.322022900345946,-17.672422739640414
2002-01-23,-6.144588817569845,7.36864718563058,21.234550377100515,-19.155698612267898
2002-01-24,-6.77185741457089,6.856259639616024,22.069141958546243,-18.880318746744518
2002-01-25,-4.275024283673446,7.611268376372951,23.936950466447502,-17.207388869901333
2002-01-26,-5.067736612336671,7.478933394323441,24.154813378935653,-15.349699563563517
2002-01-27,-5.589698870083696,8.43828708318417,24.288205802326523,-16.525209649538677
2002-01-28,-6.765564382039923,8.063431407685117,23.88168329242739,-17.062447218923207
2002-01-29,-6.031843418648381,8.22395910692538,21.19329693168959,-16.105005942829006
2002-01-30,-6.993295765538946,9.76557634195589,20.342236830410112,-16.745028759421682
2002-01-31,-6.751873703430891,9.115341017794925,19.71696985452592,-16.05579796633089
2002-02-01,-6.802021292189755,6.529685179004083,18.40957818036745,-15.213748089950139
2002-02-02,-6.813279895981724,5.280792590212695,18.783651668060465,-14.93377730911751
2002-02-03,-6.486554175538443,6.059446063182925,21.08436913310086,-14.567892006804854
2002-02-04,-6.5800461506726355,4.894748742691272,21.036525587482593,-14.670761130244156
2002-02-05,-6.456120291742989,5.154218047974659,22.03088532503242,-13.931915385811585
2002-02-06,-5.4975328262818906,3.9814450661607594,21.343410447180325,-15.287547704251944
2002-02-07,-5.317600742147258,3.464026003767726,22.268875606217488,-15.947068359791587
2002-02-08,-4.770076082193293,1.9825746789672363,22.73899486155273,-15.391982822133352
2002-02-09,-4.950596656888582,2.877442394710585,23.03207725025844,-15.211085243370677
2002-02-10,-4.204996571141589,2.5997112972869276,21.2782885997576,-18.043407995674986
2002-02-11,-4.53806030669717,2.1657346243491498,21.345103711476096,-18.48694118961542
2002-02-12,-3.6038657962535003,1.4687935390745732,21.22851438659176,-18.497149850758444
2002-02-13,-4.456244181390961,1.628984518815055,21.191712832984592,-16.60654621266497
2002-02-14,-2.3573361637833963,0.04788676026017802,22.174530014366486,-16.61379016886995
2002-02-15,-3.366173169440394,-0.021941358960958196,22.1906277505964,-18.72355390990722
2002-02-16,-4.07561849234922,-0.48629289406947107,22.301500780285497,-18.293296419459125
2002-02-17,-2.8903067454236653,-0.021580353726582513,23.219225699961655,-19.45119025337649
2002-02-18,-3.3648134754297407,-1.1421356572674513,24.15378183226476,-19.21432200899787
2002-02-19,-3.641446779436716,-0.3411879802435258,25.134577672183717,-18.871488723082386
2002-02-20,-3.689698704076621,1.043971914893841,25.226048083772,-18.33671698556578
2002-02-21,-3.943959614980469,0.3649712978560129,26.202169776948715,-17.80332043962738
2002-02-22,-5.425381175234515,0.740240227862166,27.11604878687244,-15.941499406539794
2002-02-23,-4.236325122057945,1.3785560350150743,26.54640216614125,-15.88629926546369
2002-02-24,-6.268547558549121,-0.14456819063805737,25.95897492784627,-15.75197877683938
2002-02-25,-6.248581190181807,-0.41639996990177813,26.123019376946495,-15.211177574870973
2002-02-26,-5.0144743710963615,-0.7782024289263874,27.03008383743701,-16.086755344325365
2002-02-27,-5.335127930985408,1.3749266996108027,26.208061169395517,-17.5858482592923
2002-02-28,-5.402522023065254,0.23059639130137377,26.180441860957174,-19.081930478236107
2002-03-01,-6.282504815045067,2.0951256326438266,25.485082127699936,-18.079857900019142
2002-03-02,-6.547475667112526,-0.04533509201748087,26.44650386600541,-18.049415693454772
2002-03-03,-7.381686950204915,-0.6848737788598984,27.328229426304635,-18.169441051101344
2002-03-04,-8.842070181241894,-0.5554752148194,27.05624406686965,-17.970555550095305
2002-03-05,-9.949785714550842,-1.4713582110662962,25.930476894718495,-17.871596819512014
2002-03-06,-10.694687474018892,-1.2118024881070495,25.964023659238592,-18.42232596660959
2002-03-07,-10.972609224997122,-2.339022970371759,26.784759720001546,-18.52488306578282
2002-03-08,-11.022792431943108,-0.7772290303536302,27.21016641400887,-18.79240184493001
2002-03-09,-12.36258111528197,-0.470504152254282,27.79197509653962,-18.17720577483007
2002-03-10,-13.248446799342391,-0.32433624357713964,29.621299341370584,-18.904209455343455
2002-03-11,-12.445386418809276,-0.608428204576768,30.482991433187067,-20.05564510561685
2002-03-12,-13.237490144240168,-1.0362450266459717,30.534736990283683,-20.376725044357233
2002-03-13,-12.086952589764966,-1.7259239723859805,30.238176181588727,-19.793020061734047
2002-03-14,-11.656677845859836,-1.220897980822778,30.60306594829652,-20.147615424962787
2002-03-15,-11.705744158510369,-1.0475588235830664,27.91083147637685,-19.10106159557102
2002-03-16,-12.486343948550457,-1.3300887442821232,26.384947891973635,-19.25542052663457
2002-03-17,-12.262906264341689,-0.7666874694209699,25.737260127304882,-18.89138374872426
2002-03-18,-11.881897180615928,-0.6016437700431163,28.14687465384169,-18.59719713443731
2002-03-19,-10.509657135532025,0.6355873470562943,28.419502929956263,-19.830927933406226
2002-03-20,-8.44872802539108,0.26516051418233516,27.13009183032955,-20.937626283611962
2002-03-21,-9.118781761496432,-0.8726619455001707,26.485503405763286,-20.401054341044393
2002-03-22,-8.779616777846904,-2.358691037855187,25.329011657438837,-20.434474153228766
2002-03-23,-9.085838770573591,-3.1954379781285756,25.48359804232083,-19.68652954195333
2002-03-24,-8.770894992424727,-3.9274317151503566,26.10105923098943,-18.072990973579873
2002-03-25,-6.667352449156731,-4.094967224005965,25.091256694069653,-18.873693500584494
2002-03-26,-6.828774301106646,-5.0150656139535155,26.361111080606904,-20.32982500704846
2002-03-27,-6.926551016512435,-3.3907623797918847,26.705113957542896,-20.750945604824423
2002-03-28,-7.753042122317519,-3.0155988187580935,25.225298851149258,-23.059205339742952
2002-03-29,-7.200779247801775,-3.6365265629682426,24.327462366411456,-24.976076603717054
2002-03-30,-6.981843309222217,-5.600331090554615,23.79906756674551,-25.14517821837856
2002-03-31,-7.155099129048912,-7.309933350323074,24.43281001463418,-25.53499884851993
2002-04-01,-6.2564537117761505,-5.897506790433965,25.826385558832364,-26.79546515828774
2002-04-02,-4.935475659015124,-4.228796837354792,23.53943934457641,-26.058641578294562
2002-04-03,-5.55740394953646,-4.739429958684346,23.24948471517623,-26.61265956747665
2002-04-04,-6.834859296018117,-4.059105588229967,23.72965512840596,-26.933364484843302
2002-04-05,-5.8061894221393455,-3.1291991278113698,22.57664535530268,-28.143871388173686
2002-04-06,-5.729886700840879,-2.1859575595769414,22.153041284596455,-27.86946159126048
2002-04-07,-5.594784119211629,-1.780131261456673,22.844441916611547,-25.29581393090526
2002-04-08,-4.784760325557179,-0.7937137428208767,22.923316606099984,-27.078906638165027
2002-04-09,-5.203371088858717,-1.2183570587144659,23.132494147178022,-25.401125286688725
2002-04-10,-4.537147570160283,-2.6560494749769905,22.516102823512465,-25.259793481310023
2002-04-11,-3.2333958451578573,-1.7209786430875413,21.857194703433564,-24.999461446286315
2002-04-12,-2.7875177329206884,-1.1163144853642524,22.805070141706896,-25.13153054126409
2002-04-13,-3.5746679976477633,-1.1207619421107298,23.459722031302263,-25.669387674502765
2002-04-14,-3.904121383676004,-3.081692122589975,23.40480894809102,-25.751361687516713
2002-04-15,-2.943678571892173,-1.2691519861341738,22.869666942883203,-26.135285767696466
2002-04-16,-3.835630169965253,-0.47430528325481325,21.69790883211991,-27.0873687221664
2002-04-17,-3.6334951683380337,-0.22149048653776005,21.337810151786623,-26.630124688643974
2002-04-18,-3.6328370998647053,-2.2883209478076205,20.434631020704835,-26.392197555967023
2002-04-19,-4.390481197924853,-2.422667627226196,19.9463983364376,-26.28029697426872
2002-04-20,-2.599278512595851,-2.546757444723262,18.712602280227742,-26.630503574386708
2002-04-21,-3.0684070210077223,-3.582470007860839,19.108454603746306,-26.754891024727165
2002-04-22,-1.7157137491146381,-3.0877538016071937,19.657647896617924,-27.75385067266056
2002-04-23,-1.7740786201381342,-2.4653217601379267,18.65193190515281,-28.49292727299029
2002-04-24,-1.9601650034538276,-1.6684313885451658,19.741995094911285,-29.458402373312833
2002-04-25,-2.9562578753869264,0.9147373377998078,21.752011825639244,-29.854405679297194
2002-04-26,-1.9623759932847762,1.1256568519240706,22.22374570138691,-29.87753720424708
2002-04-27,-0.29468239773486316,-0.33948012254678406,21.023160262793514,-30.395429473872337
2002-04-28,0.15566597057765091,1.3371190338942665,18.83501140865729,-30.867859920328325
2002-04-29,0.12263363728088435,1.88263751848323,18.4208611725141,-32.69934731519909
2002-04-30,0.2587307375805085,0.846766282459833,18.389305652029357,-32.78423235628398
2002-05-01,1.3127120844828102,0.9944300481980857,19.54832531304554,-32.541412579007705
2002-05-02,0.8603832703684917,1.7928598692800115,18.39890590508531,-31.837961920556396
2002-05-03,0.6446864737390327,3.8748206266828062,19.051629732888703,-30.461683146994705
2002-05-04,0.7042240405011574,4.655575164550375,18.32468083701464,-32.03984217599919
2002-05-05,0.030417659719752854,4.057207732390735,17.731744710778198,-31.978170965253376
2002-05-06,-0.7310375871887652,3.760559486797458,17.850372681183483,-30.134833051684513
2002-05-07,-0.9097439230879925,4.06081086413528,18.39674255381039,-29.340798921711823
2002-05-08,-0.113294190213165,4.075950509541575,17.960603165992907,-30.98783032031594
2002-05-09,-0.40568785995445905,5.611679105505896,19.109057699254702,-31.501462251441307
2002-05-10,0.8653894283836343,6.986021150858102,19.751083771208492,-31.168468236990282
2002-05-11,1.0976198197457623,7.885120189641604,19.27720948361394,-31.01762948507896
2002-05-12,0.8638368090104517,8.473819009144433,21.268027722646597,-31.68556775041871
2002-05-13,1.0002059582131262,9.984708311684628,22.86769162775312,-32.72922897272181
2002-05-14,1.0932745455860664,11.036061403859001,22.836894970998276,-34.257530740792106
2002-05-15,-0.85682834949857,10.902290087579617,23.51029440365395,-34.23297824697696
2002-05-16,-0.4350557206834896,9.64222909243861,23.954144036321676,-34.0847460130789
2002-05-17,-1.3444393002517552,9.621892417417445,23.930991091890178,-34.071310177864085
2002-05-18,-1.6867565917277092,8.964907695258823,22.105412111441574,-33.316731425100244
2002-05-19,-3.479417034304408,7.96638235823332,20.800503488461256,-35.1896153728968
2002-05-20,-4.96107711329922,9.7210020182049,21.107638282976524,-33.732340871894095
2002-05-21,-3.9940429289812176,9.49278003256658,20.175863898289045,-35.607650715681295
2002-05-22,-4.188022991347265,8.752697280575344,20.65026103017435,-35.89391287220655
2002-05-23,-4.291125573304514,8.55946772254958,19.758202076367944,-36.01692850736283
2002-05-24,-4.050142445725135,10.324402877217043,20.530850398260778,-35.6126348691719
2002-05-25,-1.3402042078596383,10.522439996118106,20.388064361327427,-34.31557997280208
2002-05-26,-2.4648521592547556,10.503233298977147,20.933258363250538,-31.402996012958397
2002-05-27,-0.5659664859233389,9.366282555831067,21.431904116857602,-32.25131259411081
2002-05-28,-0.988693955707328,7.223321171041234,21.062774647250542,-32.126534914995695
2002-05-29,-0.38789377363550703,6.534407710524577,21.009077660091833,-33.06208203535496
2002-05-30,-1.0467082894865318,6.673726971044199,20.659647301543657,-32.551915427079
2002-05-31,-1.726815408909958,7.989228253284517,19.011973836427753,-32.2576680311223
2002-06-01,-0.8949928925145915,8.369597722193364,20.386417631824305,-33.45194366201458
2002-06-02,-1.9760925447953408,9.106284917834182,21.143852192228422,-33.71564342606407
2002-06-03,0.049819984919322824,9.577518138229296,20.370694364990023,-34.96661061975858
2002-06-04,1.2772672660691238,8.401306507385137,19.959634434987922,-33.69260298494999
2002-06-05,-0.007657001259172791,9.24600092976552,19.368992686338935,-33.56143068994729
2002-06-06,-0.5182657377325232,8.618870708865215,21.212948342841184,-33.17282662746553
2002-06-07,-0.29661041198693106,9.163478737861883,22.554536770707525,-33.92609508788387
2002-06-08,0.2880002601571626,8.239738246739876,22.437982691005978,-34.761442666932325
2002-06-09,-0.7896542429649068,8.706917697658302,23.07880704487946,-34.01845937250097
2002-06-10,1.081224709097945,8.351155784204359,23.189745403784375,-32.91854171537497
2002-06-11,1.4430809516266039,9.86234421737929,23.323289553577176,-34.825765162012765
2002-06-12,0.8368509715393408,9.21222339763964,25.197346070916623,-35.31436235287251
2002-06-13,1.8880940674729165,9.896388137908469,23.979119979869683,-35.560582959681845
2002-06-14,0.5027069641865427,8.854974783284577,22.26143291181875,-36.946906413982255
2002-06-15,0.9840425532738398,9.302628720293194,21.92442706407758,-36.2320991654295
2002-06-16,0.11410234460123603,8.95167709860925,22.511341878662765,-39.438840190421324
2002-06-17,0.5078433719146199,7.385484888197887,23.501840341361017,-39.254091556873234
2002-06-18,1.3878160448987809,6.141674127026935,23.500333084669926,-36.96335405017727
2002-06-19,1.8710479725802864,5.490881187073604,22.806670312438108,-35.14411978857718
2002-06-20,1.3148614443964495,6.559906129075688,23.25390914690223,-34.28690374286241
2002-06-21,2.661315718148141,5.720096438380514,23.92724269316048,-33.78362979646198
2002-06-22,3.4305931666412093,5.245873907976024,25.31810311851497,-32.42850723671854
2002-06-23,3.908556724164627,5.141458046378033,25.99615327451437,-30.835852452610723
2002-06-24,2.8850388282201833,3.3859136464047994,25.06982744794011,-29.422890286726364
2002-06-25,3.030137009343025,2.9966107762951664,25.91612434660279,-29.28066965811117
2002-06-26,3.24000073235861,4.0747435911416625,25.972339147262254,-29.756605948867247
2002-06-27,2.8454610184382925,4.097488436457154,26.54376970480392,-28.981548962073376
2002-06-28,2.9098008984457193,4.433279998540926,26.660826789003334,-29.689201685551506
2002-06-29,1.9386812685279855,4.950492913431538,25.813840342426012,-30.663758368895436
2002-06-30,0.8853477874778586,2.9143974381690954,27.121856339108483,-31.496226487336777
2002-07-01,1.7608710227481863,3.3088613423884867,27.38938554350818,-29.910218048341054
2002-07-02,1.4978354117234307,3.7300334861538893,28.070248888377552,-29.025129213422947
2002-07-03,2.1249788763645245,2.501651864958916,27.469230641530284,-29.097151264190177
2002-07-04,2.062621863081776,2.059554034206374,28.31300788163609,-29.94219890261208
2002-07-05,1.7777851392898496,1.833510932770484,27.94508107398484,-29.25700114372249
2002-07-06,2.2550387291604777,1.5557842798364638,28.77174257784538,-31.065899110571728
2002-07-07,4.305078864949422,1.7164167933292136,28.42839189721071,-32.90066912126856
2002-07-08,6.147676714123287,0.9248887512524726,28.41499659186317,-32.557503854401894
2002-07-09,6.470721506935611,0.8668251161763029,28.47183884390687,-31.53265741170966
2002-07-10,5.523066876317468,1.6967163206165425,26.981219102304994,-30.809954194228002
2002-07-11,5.291036084111189,3.2763533569766095,27.396884125034298,-30.258271617636545
2002-07-12,6.658384552075124,4.901515621141153,26.71550707360478,-31.589320878182956
2002-07-13,7.3165492336635225,5.570942912934111,28.70674902652015,-31.084688209919747
2002-07-14,6.384985168279549,5.253909311376502,27.916174542796643,-30.855558430640055
2002-07-15,7.5057139320672945,5.0567274852872615,28.673095762004667,-30.38995373317703
2002-07-16,8.064293713197058,7.751874604884119,28.112439172856757,-29.873444624399756
2002-07-17,9.195830922946467,5.954644554150999,26.986587522909677,-28.777325867751813
2002-07-18,9.718807046808639,5.299899927595221,27.495693699278057,-26.690016697284978
2002-07-19,10.370213096801175,4.7782518496507445,26.40955394562143,-26.907195914330703
2002-07-20,9.14853890108926,3.521020536585718,24.97774537513492,-24.406444553480046
2002-07-21,9.586464602557841,2.676596872090919,26.142421363375625,-25.553894275254084
2002-07-22,10.490586977408443,3.5421039074349716,26.798327329292714,-26.145421486550756
2002-07-23,9.677300955420721,1.8423134749909238,26.464508877892193,-26.771218150939735
2002-07-24,9.243648763122312,1.4551500600385041,27.59528059058385,-27.56402913607693
2002-07-25,9.041831517798736,3.3808907001441098,28.5497423338281,-26.132947469685853
2002-07-26,7.569949299148873,4.575548825611868,27.38136519167586,-25.65132380070371
2002-07-27,6.941809352620127,3.8034123336797223,24.9914675108073,-26.95262670233633
2002-07-28,6.0687879695184055,4.636940590576006,26.257931099991787,-27.790114065718406
2002-07-29,6.4668637292500595,3.809647015024267,24.63424977823455,-29.37211943581061
2002-07-30,6.804849870265568,2.5280659597332455,25.447004527828675,-28.29294257068459
2002-07-31,6.404989228154761,1.7567404092829346,25.288852423240336,-28.971181820190527
2002-08-01,5.9486065047396295,0.9056715233127021,24.695133539888403,-29.032970306039395
2002-08-02,6.302792427758188,2.3757831926525235,25.197488745573448,-30.596062021403586
2002-08-03,4.972719608379299,1.4566064728047143,26.941717366323473,-31.41665432367971
2002-08-04,3.2347495217693076,1.733847768426168,26.7547767181637,-31.530886130731755
2002-08-05,3.233329332155631,0.6219113522817723,25.89093272556328,-33.37266864592889
2002-08-06,3.742111348676992,1.222135590820602,25.233848836605446,-32.58306492718564
2002-08-07,4.79145740439274,1.381905496734213,24.2375660009138,-33.61299899656005
2002-08-08,4.567808551640982,2.3531726493584784,24.05125488342305,-33.361117704612475
2002-08-09,3.9688567364326017,3.17441171629649,24.70946365731584,-34.021594925142175
2002-08-10,4.314486116127808,5.3671158420331375,26.477006598938917,-33.52099024296356
2002-08-11,5.2486013080753136,4.279499285102137,25.73597400607161,-34.42630792565661
2002-08-12,4.278145897768234,4.003794469007106,27.447143283799296,-34.85391675416623
2002-08-13,3.3576256175537114,2.2228973757793,25.411181416658117,-35.003879192897806
2002-08-14,3.6188063709028357,1.262695315233763,26.382712599583577,-34.50717991245592
2002-08-15,4.419439238340196,0.05232793005316849,26.717994374582638,-34.83793992243252
2002-08-16,3.631475323731154,-0.522486553980427,28.570354146765137,-33.57245588388449
2002-08-17,2.080369955880774,-1.557938077969112,28.630469048223006,-33.53397894226937
2002-08-18,0.4793638519862191,-1.681136204954168,26.143136429575303,-34.230983484203726
2002-08-19,1.6469484305668467,-0.39113744782749893,26.02850916898443,-34.23473666633068
2002-08-20,2.2881686605016127,-0.8484446606870393,25.503532693734407,-32.334284918993426
2002-08-21,1.1477503205977273,0.1703230758737131,26.138496710574742,-32.318756724228365
2002-08-22,0.8196107563563283,-0.10146694453833394,26.018353463209984,-32.74218699091485
2002-08-23,-0.6592022946270802,0.4620518138639328,24.906431746389682,-31.106059445651045
2002-08-24,0.03772622832751904,-1.7315788841036688,25.643021391292496,-31.37776269295567
2002-08-25,0.4869215072646481,-1.7771911621980259,24.667781946615584,-30.038375405787512
2002-08-26,-0.33783415210013934,-1.8512536110227868,24.685480681550544,-30.6010447866891
2002-08-27,-0.7837851906893599,-1.960278412575547,25.126097775257833,-32.92902788362855
2002-08-28,-2.455659940734105,-2.5273423538587014,25.99081620006808,-33.767979467926715
2002-08-29,-2.749651091474265,-3.6851274623387393,24.94411517982965,-32.50996829306171
2002-08-30,-3.0328530708252543,-3.9718463730968128,26.2862112862975,-33.829008352326866
2002-08-31,-0.9833452231686541,-3.2186495817892364,25.913539274729917,-33.42629212438429
2002-09-01,-1.1947116814554375,-4.605536593396694,26.209946452031996,-32.65851683744378
2002-09-02,0.10075628707313711,-5.544804936512627,26.56761198515917,-31.792436067455515
2002-09-03,1.1506175721252996,-5.187390417516407,25.736939584324375,-30.279188760162484
2002-09-04,1.7751991113823729,-6.629525872923301,25.111692835631054,-30.835002687370473
2002-09-05,3.010321239006745,-5.8412761193258556,25.920806551321185,-30.567030034344
2002-09-06,2.7414081055560464,-5.893408454836539,25.54236581154933,-31.866836169821617
2002-09-07,2.191323140110085,-5.828930356942477,25.937796947943653,-31.49650933778688
2002-09-08,2.541311447634318,-5.94264894559817,25.972400486851253,-32.42276916517979
2002-09-09,1.457666127018891,-5.713809783694067,26.49487823068015,-33.19879783205705
2002-09-10,0.3598997756887796,-4.167564798024003,27.071467139173187,-32.594990228805884
2002-09-11,-0.1603212211123971,-4.430409644844818,26.686661809427065,-33.37652566760064
2002-09-12,0.741869585887295,-4.147375607265921,27.712538500418095,-33.39577666961657
2002-09-13,0.21255605602913463,-2.694301996977872,27.940784941572886,-33.55271626109931
2002-09-14,0.3158744632431024,-2.5328527420495233,27.360799436845774,-31.69465085258703
2002-09-15,-0.013297904457147236,-0.9490730784800545,23.62316082246258,-32.12753070110472
2002-09-16,-0.42506265993951015,-1.0649425736583698,23.559734599779997,-34.51441518549119
2002-09-17,-0.35224757314431343,-1.265969932327107,24.77825951595712,-33.74335747671432
2002-09-18,-0.5248726965460553,-0.22573230262044364,24.367649018084855,-33.99935126036827
2002-09-19,-0.3432801833304726,-1.3144193524143117,23.049865083630255,-34.55629210697152
2002-09-20,-1.5701653408152745,-1.0101539625862215,22.71097885991978,-35.38886065172325
2002-09-21,-1.3299991166296903,-2.024848540748931,22.895391444816042,-34.2086008746062
2002-09-22,-1.394972608795309,-2.374796414774269,23.36237417659437,-35.41478413606271
2002-09-23,-3.407239434905787,-2.7102180789289423,23.262752361237013,-36.97819375222636
2002-09-24,-4.607198528492777,-2.1431227433171487,22.1661579928558,-38.244921481635686
2002-09-25,-5.452160138897183,-2.068988637688742,22.04891758169693,-38.435153788633684
2002-09-26,-6.265162598957571,-0.281431951458468,23.533388423558502,-39.19933565955332
